Patient Samples,Sample Ids,Patient diagnostic,Volume used (µL),GNYGLLDLIQALR
6976617,Ad078,cognitivement_sain_(cs),185,1.627
7489174,Ad079,cognitivement_sain_(cs),215,1.397
7546989,Ad080,cognitivement_sain_(cs),210,1.425
9259807,Ad081,cognitivement_sain_(cs),220,1.339
3514091,Ad096,cognitivement_sain_(cs),205,1.428
3801419,Ad097,cognitivement_sain_(cs),205,1.430
9296157,Ad099,cognitivement_sain_(cs),200,1.462
9494076,Ad100,cognitivement_sain_(cs),250,1.161
7543023,Ad113,cognitivement_sain_(cs),250,0.125
7661810,Ad114,cognitivement_sain_(cs),250,0.092
8330218,Ad115,cognitivement_sain_(cs),250,0.239
8758136,Ad116,cognitivement_sain_(cs),205,0.155
5611503,Ad132,cognitivement_sain_(cs),250,0.187
4051959,Ad147,Cognitivement_sain_(CS),250,1.588
8875385,Ad168,cognitivement_sain_(cs),250,8.152
9348053,Ad169,Cognitivement_sain_(CS),200,6.616
9467487,Ad170,Cognitivement_sain_(CS),200,6.912
6200004,Ad069,démence_de_type_alzheimer-légère,190,1.594
7926778,Ad070,démence_de_type_alzheimer-légère,200,1.449
4548797,Ad083,démence_de_type_alzheimer-légère,200,1.445
5357649,Ad084,démence_de_type_alzheimer-légère,200,1.446
6027529,Ad138,démence_de_type_alzheimer-légère,190,7.423
4603017,Ad151,démence_de_type_alzheimer-légère,200,10.247
6481936,Ad152,démence_de_type_alzheimer-légère,200,10.008
9928452,Ad153,démence_de_type_alzheimer-légère,205,6.502
7172048,Ad073,trouble_cognitif_léger_précoce,250,1.173
7459501,Ad074,trouble_cognitif_léger_précoce,250,1.191
7077665,Ad082,trouble_cognitif_léger_précoce,205,1.415
4835330,Ad087,trouble_cognitif_léger_précoce,250,1.161
5760364,Ad088,trouble_cognitif_léger_précoce,250,1.170
6063782,Ad089,trouble_cognitif_léger_précoce,250,1.157
6242486,Ad090,trouble_cognitif_léger_précoce,250,1.171
7033440,Ad091,trouble_cognitif_léger_précoce,210,1.453
8498021,Ad101,trouble_cognitif_léger_précoce,250,1.169
4219281,Ad105,trouble_cognitif_léger_précoce,250,0.222
4822044,Ad106,trouble_cognitif_léger_précoce,250,0.260
5348754,Ad107,trouble_cognitif_léger_précoce,120,0.228
5375537,Ad108,trouble_cognitif_léger_précoce,250,0.354
4576408,Ad123,trouble_cognitif_léger_précoce,250,0.103
3420240,Ad157,trouble_cognitif_léger_précoce,250,8.122
3988228,Ad158,trouble_cognitif_léger_précoce,250,7.674
5654755,Ad159,trouble_cognitif_léger_précoce,250,5.374
6178347,Ad160,trouble_cognitif_léger_précoce,200,9.898
8192087,Ad173,trouble_cognitif_léger_précoce,125,0.336
5214283*,Ad174,trouble_cognitif_léger_précoce,125,0.590
5250948**,Ad175,trouble_cognitif_léger_précoce,125,0.209
5295880,Ad071,trouble_cognitif_léger_tardif,210,1.437
7974771,Ad072,trouble_cognitif_léger_tardif,210,1.382
5466031,Ad085,trouble_cognitif_léger_tardif,250,1.182
5903365,Ad086,trouble_cognitif_léger_tardif,200,1.479
3163875,Ad104,trouble_cognitif_léger_tardif,165,0.299
5701721,Ad119,trouble_cognitif_léger_tardif,250,0.120
8902648,Ad154,trouble_cognitif_léger_tardif,250,5.444
9648306,Ad155,trouble_cognitif_léger_tardif,200,10.242
5028259,Ad076,troubles_subjectifs_de_cognition,250,1.172
7086941,Ad077,troubles_subjectifs_de_cognition,250,1.161
4501657,Ad094,troubles_subjectifs_de_cognition,250,1.168
5089797,Ad095,troubles_subjectifs_de_cognition,250,1.181
8368271,Ad109,troubles_subjectifs_de_cognition,250,0.529
8690701,Ad110,troubles_subjectifs_de_cognition,250,0.140
8980899,Ad111,troubles_subjectifs_de_cognition,250,0.209
9371132,Ad112,troubles_subjectifs_de_cognition,185,0.221
7607670,Ad127,troubles_subjectifs_de_cognition,250,0.016
7698372,Ad128,troubles_subjectifs_de_cognition,250,0.099
7948407,Ad129,troubles_subjectifs_de_cognition,250,0.132
5661505,Ad161,troubles_subjectifs_de_cognition,190,7.046
5717179,Ad162,troubles_subjectifs_de_cognition,175,11.210
7432758,Ad163,troubles_subjectifs_de_cognition,250,7.819
7445119,Ad164,troubles_subjectifs_de_cognition,250,7.951
7712552,Ad165,troubles_subjectifs_de_cognition,250,5.290
9003010,Ad166,troubles_subjectifs_de_cognition,250,7.744
9249304,Ad167,troubles_subjectifs_de_cognition,250,5.616
9571095,Ad172,troubles_subjectifs_de_cognition,125,0.376
7729270***,Ad176,troubles_subjectifs_de_cognition,125,0.490
RBD-GW175,Pd001,DLB,125,0.464
R-049,Pd002,DLB,125,0.442
RBD-GW142,Pd010,DLB,125,0.477
RBD-GW029,Pd014,DLB,125,0.193
RBD-GW008,Pd015,DLB,125,0.148
SOM1028,Pd003,Non-converti,125,0.451
R-090,Pd004,Non-converti,125,0.334
R-221,Pd005,Non-converti,125,0.683
R-086,Pd009,Non-converti,125,0.424
R-032,Pd016,Non-converti,125,0.220
SOM1274,Pd017,Non-converti,125,0.133
SOM1280,Pd018,Non-converti,125,0.473
SOM2095,Pd019,Non-converti,125,0.190
SOM1185,Pd020,Non-converti,125,0.151
SOM1842,Pd021,Non-converti,125,0.277
RBD-GW061,Pd022,Non-converti,125,1.084
SOM1216,Pd023,Non-converti,125,0.235
RBD-GW169,Pd006,PD,125,0.725
R-149,Pd007,PD,125,0.365
SOM1623,Pd008,PD,125,0.417
RBD-GW051,Pd024,PD,125,0.249
RBD-GW140,Pd025,PD,125,0.218
SOM1682,Pd026,PD,125,0.172
RBD-GW031,Pd027,PD,125,0.347
RBD-GW013,Pd028,PD,125,0.299
RBD-GW020,Pd029,PD,125,0.167
,,,,
